water,milk,eggs,chocolate,
water,milk,eggs,,
water,milk,eggs,chocolate,burgers
chocolate,burgers,butter,,
chocolate,butter,green tea,,
water,chocolate,burgers,,
water,burgers,butter,,
milk,eggs,chocolate,,
eggs,chocolate,burgers,butter,
butter,green tea,energy bar,,
water,milk,eggs,chocolate,
water,milk,eggs,turkey,
water,milk,eggs,green tea,turkey
eggs,chocolate,burgers,,
eggs,chocolate,,,
water,milk,eggs ,chocolate,
water,milk,eggs ,chocolate,
burgers,butter,green tea,,
chocolate,burgers,,,
water,milk,eggs,,
